clean_document_sentences,reader_attention_of_each_word,average_reader_attention,sentence_length
fifty seven people spent christmas aboard cruise ship become stuck ice remote region coast antarctica rescue vessels least two days away australian maritime officials told abc news,"[8.434281777020148e-19, 2.4905198197230145e-21, 9.410035441832154e-19, 3.8383182892907075e-15, 9.548573430215618e-12, 3.7043014164652505e-19, 5.409082581794314e-15, 4.462734720029604e-16, 9.08763818852538e-13, 2.635001976924818e-12, 5.939339638017849e-20, 1.9148341012859668e-15, 9.202973559182198e-14, 4.479984270950912e-16, 7.384410794927485e-18, 7.275450541387034e-13, 1.6589611907901808e-23, 2.2945222394034926e-15, 1.060686616839921e-12, 1.472925964937426e-24, 1.1982889350033983e-22, 8.937137532214316e-25, 6.416952479614356e-26, 4.198636231833903e-26, 1.991648979095663e-16, 1.2028956836153319e-27, 2.9641243448353033e-21]",5.550800159567332e-13,27
russian operated ice strengthened vessel built oceanographic research became stuck ice 1 nautical miles tasmania issued satellite distress call early morning andrea maher australian maritime safety authority said,"[1.0816420870868073e-24, 1.3691471257709068e-23, 3.0841596126028594e-24, 3.803001411109699e-28, 8.348008487801396e-17, 5.422108110792885e-18, 1.2401745766051528e-14, 5.347204678353406e-25, 1.2712399431028872e-17, 6.142118084887441e-19, 1.943247206502483e-18, 1.6400900021123675e-15, 8.006602932942312e-11, 3.8990676411119613e-19, 8.692866593711958e-16, 2.196974194564167e-33, 3.3089090985487195e-12, 9.186353481637502e-18, 9.813897728657885e-18, 4.162496610322538e-10, 4.6654478402995366e-18, 1.3481423397552809e-13, 1.690003326085244e-29, 1.7025038386608474e-16, 1.448443318194118e-18, 1.9067074262967574e-17, 1.8947404621866793e-24, 8.389092753805013e-27]",1.7849094421793132e-11,28
touch master vessel says beset ice spokeswoman maher said basically trapped stuck ice move,"[6.035817997260664e-19, 3.160676742177163e-25, 1.7687966745123263e-15, 2.6728225675371558e-21, 2.243296698372219e-30, 6.667824823863127e-23, 1.4549500910885955e-26, 3.78368903637246e-28, 5.706843983141827e-19, 4.158689845131377e-22, 2.1891242558039145e-19, 2.087438959219141e-20, 7.200655291597452e-22, 2.093041247557746e-19]",1.2645885052975873e-16,14
passengers believed enough provisions wait rescue one passenger tweeted board fine spirits high,"[1.8578432996453438e-25, 3.7540085549848455e-09, 2.1849433050980373e-19, 2.2419086704706366e-17, 4.940602199140228e-19, 3.350679722252899e-22, 8.074028062440138e-23, 4.925465049347425e-16, 5.464172812919698e-23, 1.3802857866927308e-26, 7.576620379394251e-26, 1.0242195171773193e-13, 9.348808841038273e-19]",2.8877780719615853e-10,13
ice like explorers old well spirits high happy christmas australian professor chris tweeted ship far land send aircraft normal rescue vessels maher said three ships ice breaking capabilities region tasked helping two day sail stuck vessel added,"[3.360035677785893e-22, 1.0448252041223432e-19, 2.019543809236779e-13, 2.9349631367826236e-18, 4.704331994807093e-14, 4.178602185535371e-15, 6.551655371040226e-22, 4.38486937705369e-16, 7.466551790455431e-13, 4.0001407802574765e-15, 1.4258782989409978e-13, 7.689579667560412e-11, 9.889667079957223e-18, 2.587586030133028e-26, 5.544940856882769e-22, 2.4917064508068098e-14, 1.2751228418892727e-16, 1.338748957461401e-24, 9.533004157636839e-16, 6.668121005211606e-17, 2.4359160628531804e-13, 1.3509780547244603e-12, 3.582905228770261e-22, 4.3850838365430466e-15, 2.2196961973817297e-15, 0.0002320540866135163, 3.459307928901059e-23, 1.9225183845929456e-23, 1.2382340711610711e-12, 5.699005203713427e-22, 1.253939325753437e-08, 1.1432005234796079e-23, 2.687984298292146e-14, 6.577920495927671e-16, 7.286223559283822e-20, 3.6681209832754447e-17, 4.7076708493912946e-21]",6.272073160607807e-06,37
quite complex lengthy search rescue operation remote location area maher said,"[2.9470528833994483e-31, 8.0061074908099e-30, 1.799320336381632e-20, 4.696573930532307e-19, 1.4097052389987297e-25, 3.0956004584781068e-30, 2.0051178818748948e-25, 1.2323173354270074e-21, 5.002126114715717e-25, 2.3729641299194818e-23, 2.8445526048889807e-29]",4.444613501168534e-20,11
souls board crewmen passengers ship cruised site expedition british explorer sir douglas according expeditions online travel agency sells tickets cruise,"[4.603135515878323e-19, 5.303898562092969e-27, 2.7026575158816617e-22, 1.3599291727552717e-27, 8.843202101909608e-33, 3.1291168834438093e-29, 1.2955612820737544e-31, 7.060890652919826e-21, 1.2031842473416557e-21, 3.717222763029992e-20, 1.0329311486033934e-18, 1.977134216834304e-27, 2.1424941008919245e-22, 8.619322044241149e-21, 2.5888313478165095e-16, 3.9984777142284355e-18, 1.6737975618908894e-22, 5.953289181351783e-22, 2.566208919667596e-17, 4.9762818139941424e-23]",1.4504614950632397e-17,20
antarctic blizzard halted australian icebreaker attempt reach russian ship trapped week people onboard rescuers said monday,"[2.1066538938779627e-12, 7.015574027925601e-15, 2.7102995864525565e-21, 1.55499531222029e-12, 1.1683618783179473e-26, 4.375033040634608e-21, 1.835012598339429e-24, 6.090590088030943e-22, 1.6910157601842446e-22, 1.467460001526854e-19, 2.757162253938613e-20, 7.960154554013162e-08, 3.5513051332801114e-26, 4.0624778030968206e-30, 1.2969071710419614e-20, 1.3397697907756895e-18]",4.9753258879029165e-09,16
left new zealand november private expedition commemorate anniversary antarctic journey led australian explorer douglas,"[1.3789659674188425e-24, 6.140415898610958e-10, 5.2123364605153644e-14, 1.0392460055449233e-24, 2.504380689367327e-23, 7.976971912628882e-16, 3.642487763279588e-18, 3.3052517404219303e-18, 3.207542012505714e-20, 7.071024275411495e-21, 1.1069870786251364e-13, 2.549935184409823e-25, 2.3834604046838476e-20, 8.714813774374783e-26]",4.3871801188678785e-11,14
became trapped ice december nautical miles east french antarctic station people aboard include scientists tourists many australian russian crew,"[2.2478986081474014e-27, 2.9232772372669266e-26, 3.1370698837950586e-27, 4.1946369727829734e-30, 1.330731312525721e-32, 1.9883750523121025e-17, 5.009970963662526e-21, 3.804637145537194e-25, 6.844564488587106e-21, 3.761565472125242e-22, 2.2376770799199066e-26, 2.5247359824312447e-25, 3.5539747965707937e-29, 2.799414939368072e-29, 8.804997620448579e-22, 8.666442359791025e-13, 3.421284071205364e-23, 9.428904149362511e-20, 2.683471190181343e-28]",4.561390669288221e-14,19
first rescue attempt chinese icebreaker snow dragon halted ice thick,"[6.794069359691679e-25, 3.5295197247011495e-25, 6.668656490478192e-24, 5.47037536461467e-22, 3.130532768169745e-22, 5.587767081331404e-19, 9.333230946750659e-23, 7.534859620300918e-21, 2.194611255704092e-28, 3.7402199168845977e-20]",6.046748912798934e-20,10
another attempt aurora australis hampered weather,"[4.123110932713949e-20, 1.7669112891341312e-18, 2.069453602803966e-25, 3.914024405837117e-32, 1.3078497018489502e-25, 3.22204814495329e-33]",3.0135712269860725e-19,6
return open waters nautical miles poor visibility australian maritime safety authority co rescue said,"[6.006143015163913e-27, 8.901644045100942e-17, 3.753820681269531e-27, 1.3767667028049264e-31, 3.252120106943353e-30, 8.511917674118901e-18, 8.399839947928174e-30, 2.4646602835928343e-26, 4.331848164988251e-35, 5.763961109351517e-31, 4.018066559232706e-27, 1.1317629700830907e-34, 1.5573822425881137e-28, 4.622933609153775e-30]",6.966311297408976e-18,14
australian vessel reached close nautical miles trapped ship turning back,"[3.550871960567146e-27, 1.1694452842072837e-24, 2.7177176327888017e-28, 1.3023354931224802e-20, 9.318482553464173e-33, 5.284131503572657e-32, 7.195559419801016e-32, 3.703412274787595e-33, 1.0206152146026531e-23, 8.033922194123969e-26]",1.3034814690658518e-21,10
weather condition safe proceed gone back open water said spokeswoman lisa martin,"[3.387045817086256e-24, 1.8155758144773377e-28, 6.534326961022382e-27, 3.5641937698190675e-32, 5.283279024855759e-28, 3.65782258175091e-30, 2.225354192846283e-25, 2.5594304043448573e-26, 2.29913963510983e-34, 8.800546273892055e-31, 4.472870129391808e-33, 9.285861999120025e-29]",3.035430991417676e-25,12
snow dragon 6 7 nautical miles helicopter board used rescue passengers crew weather conditions permit russian foreign ministry said monday,"[3.7415332210337844e-35, 1.9534298692885643e-32, 5.567686031519747e-26, 7.93573590867205e-23, 2.863026677766313e-27, 8.194147034566985e-33, 3.8170334405540354e-31, 1.4284927398934144e-28, 3.320542467852323e-28, 5.543475264343123e-22, 4.6509867929294235e-32, 3.398774349349349e-20, 2.1738448815174474e-21, 3.20357028153866e-26, 3.8229191993640193e-29, 1.2851919015848821e-26, 3.617021335069635e-25, 3.276721062149376e-26, 6.808303820162719e-20, 3.7397010159863095e-27]",5.24394168061509e-21,20
asked whether passengers would see new year stranded ship martin said certainly looks like tomorrow,"[1.337694027144012e-27, 4.002009722941409e-34, 1.067803436760747e-25, 3.1268204704663753e-31, 3.657374635064322e-22, 8.319140969914351e-27, 1.2957232312483867e-29, 8.058844800700523e-33, 1.8414968835003033e-31, 1.0865394493567537e-26, 9.129084424298883e-31, 1.2420628556999782e-30, 3.9625468639922073e-25, 7.791714415584537e-28, 1.1494753138100946e-27]",2.4417531002016527e-23,15
snow showers strong winds poor visibility hampering attempts rescue dozens researchers holidaymakers crew ship trapped antarctic ice almost week,"[3.9178710144852643e-28, 6.207663603372426e-26, 4.121766503879746e-19, 4.5011759259456835e-27, 1.092623498184887e-25, 2.9581690601914243e-31, 1.180663887026684e-27, 1.731125743444205e-27, 7.181447228752949e-29, 6.770478254262425e-40, 5.752689194793685e-28, 4.8707753523173795e-31, 5.567773084940592e-31, 1.522744784201605e-30, 2.126394545240888e-29, 9.699571044070935e-31, 3.7057823920614034e-28, 1.4425870726874752e-31, 7.445603890956396e-33]",2.1693517398664356e-20,19
australia maritime authority said aurora australis vessel designed break thick blocks ice come close mv russian ship remains stranded two earlier rescue attempts icebreakers failed,"[7.999799130839426e-22, 1.9187516575010018e-31, 1.845519150289354e-32, 1.994267112296035e-27, 1.096050355903998e-25, 4.6039311525466814e-29, 1.0948370015740595e-27, 1.6068176376374505e-22, 1.92076739603095e-31, 5.0990338831293406e-27, 4.788440854413725e-34, 2.5859447272032904e-30, 1.9827605881392796e-28, 2.3240445013258137e-25, 1.4339433730052905e-22, 5.041524126469273e-27, 4.283368898502336e-32, 7.91413502942605e-35, 2.18576737672123e-33, 2.2425954845531807e-32, 1.611373125830438e-28, 3.5907979737766875e-30, 2.3091545714701137e-34, 5.549775653114667e-31, 6.179318493824622e-31]",4.41764666627616e-23,25
latest attempt reach passengers crew aborted harsh weather forced australian rescue vessel back open waters come within nautical miles distressed ship authority said late monday,"[3.938470451455123e-31, 1.5723420707137178e-23, 3.695394956643508e-32, 3.5762265294580965e-27, 6.969663922500005e-25, 3.281872577594998e-21, 1.2487528403035311e-23, 5.685355075449643e-25, 5.26447100834334e-28, 1.8622793002077744e-26, 3.35795266120261e-24, 1.409238764429543e-26, 3.0399428297675265e-21, 3.082180763701686e-24, 5.475265137266713e-26, 9.32195639385096e-27, 2.669828286337588e-22, 8.90032443737093e-25, 8.0774721023869e-25, 9.096234995860915e-25, 1.3390168154647403e-25, 2.5646965665357484e-25, 1.1911780768622114e-23, 1.029562641881952e-27, 3.719960969526244e-20]",1.7535734397363786e-21,25
icebreaker vessel currently nautical miles away target,"[1.676164281672635e-24, 1.0090173050705684e-19, 9.508433173537121e-30, 1.0391098950212649e-23, 5.909841920377534e-23, 1.381614019507279e-19, 2.9200318802733216e-27]",3.416204300996582e-20,7
weather conditions resulted poor visibility made difficult unsafe aurora australis continue today attempt assist australian maritime safety authority said statement rescue efforts may made said,"[2.246452454884604e-23, 8.508131781372124e-25, 1.7487156129115097e-25, 1.1324456286182332e-16, 3.7236903379739045e-14, 2.2574421671409e-22, 2.2972377300349964e-14, 5.273672046950459e-15, 2.0894492022091263e-20, 9.15324532650412e-26, 2.0212144805117354e-20, 2.9651143028339966e-26, 1.659505342056083e-19, 1.9093066716390908e-22, 2.9295610415917542e-21, 8.538565976171355e-19, 8.206022999620957e-33, 3.3317375652120696e-23, 7.675889440776415e-28, 5.191356104704176e-23, 9.166111030257953e-31, 2.3904613542123898e-32, 4.4217422996341893e-20, 2.0443183286749565e-16, 1.2161578656480486e-23]",2.6320695088480413e-15,25
russian ship carrying people chartered team scientists first sent distress call christmas day getting stuck ice 1 nautical miles south capital australia tasmania state,"[6.879128711198463e-29, 2.71925854133773e-21, 9.329446798999386e-28, 2.4707567018256877e-19, 1.120625677219347e-22, 1.2327988955734542e-25, 1.1193331335792607e-28, 1.6093960941437806e-28, 4.653585303423198e-23, 4.054767520286609e-21, 1.5501179835339431e-22, 2.46792692717246e-21, 1.2841658034282349e-34, 1.4836181316268427e-20, 1.2504630658246408e-24, 1.9283956344672554e-18, 7.260474251525954e-26, 7.082666925286641e-22, 6.6814147925397245e-22, 9.644677620768936e-20, 1.5390633233475063e-17, 4.128568809289214e-26, 2.8239315043018333e-17, 3.886022289354924e-24]",1.9136516618740477e-18,24
french chinese icebreakers already failed reach passengers believed several weeks essential supplies left russian ship trapped australian search rescue zone antarctica putting australian maritime body charge rescue operation,"[4.130967477592804e-23, 4.946456155045947e-19, 8.370803806446369e-19, 2.9170550812315794e-16, 3.195056137414438e-19, 3.0921952300971494e-29, 4.30127172556819e-28, 8.063146273164305e-17, 8.457694899066329e-15, 4.347580091984776e-14, 6.820832901880142e-16, 5.329895554485025e-15, 5.819644974131186e-13, 1.5018755904384442e-20, 5.9569779110135755e-18, 1.7661474269864997e-21, 5.547459233926711e-20, 1.250619175696259e-14, 6.393265937120493e-23, 6.229413400131765e-23, 9.871958407720442e-21, 5.553881433103757e-21, 2.5657241484420394e-20, 7.443844526014909e-29, 1.095596529656468e-29, 1.4144858862241e-17, 1.3399810844491138e-26, 6.760836277072439e-21]",2.3314656219423922e-14,28
chinese rescue vessel snow dragon earlier came within 7 miles stranded ship turned back became clear ice thick penetrate french attempt could get closer,"[5.105818279490527e-22, 1.0967475034491477e-16, 3.6090348629826464e-24, 3.848731114644001e-25, 1.3621465165858755e-21, 1.3380478171079106e-24, 3.2123398258881005e-21, 4.2529445437813495e-23, 5.0918412641048715e-24, 6.3321713961793846e-18, 5.662925629971794e-29, 7.97611517147177e-16, 9.242961209065129e-30, 3.3821026817403244e-09, 3.394058459214388e-20, 4.170434061294995e-25, 7.794462773660113e-21, 3.450655660000811e-23, 8.451868492619523e-18, 4.5983704738964183e-14, 3.204265038405553e-24, 3.8878336628341914e-25, 4.0436565418576344e-20, 4.695755163956314e-21]",1.4092289948364228e-10,24
likely helicopter chinese ship would used winch passengers australian ship failed get ice spokeswoman maritime authority said,"[3.899069200145106e-27, 1.9006294766517187e-20, 6.168549620758708e-21, 5.793726615348791e-09, 9.516013237675854e-20, 2.8558828857143646e-17, 4.715717271050833e-24, 1.0123661975596818e-25, 2.1310076418481288e-20, 3.184481522206036e-14, 2.0675525184034244e-20, 3.669993383577498e-23, 3.1374083975198086e-19, 1.1679235135052772e-24, 2.2331801857444014e-22, 3.590552110568427e-24, 9.159577793787972e-28]",3.40809322894069e-10,17
latest update maritime body said dangerous attempt helicopter rescue time,"[5.456552122557686e-21, 2.3119231632752226e-28, 1.716294675894713e-17, 6.401522304401526e-26, 5.59949182171877e-18, 8.657112123018882e-26, 5.821649800127286e-23, 5.182768848680464e-21, 1.711797661795091e-21, 3.8067368444945205e-13]",3.806964592975187e-14,10
research team board led professor chris university new south wales set dec 8 mission update scientific records antarctica made around century ago douglas australian explorer pack ice solid sheets ice several meters thick major hazard vessels navigating harsh antarctic climate temperatures fall minus degrees fahrenheit,"[1.796460025832928e-15, 4.525134775298271e-16, 3.607640671323108e-21, 4.085773893189347e-20, 1.9660556282191993e-16, 7.064824373742086e-15, 1.305314423751972e-07, 5.5348941442550015e-14, 8.603660700170299e-21, 3.249105879708107e-21, 5.658957473644579e-11, 1.8952505879806367e-14, 2.815116636608246e-11, 1.4072478819707932e-27, 6.278054737868842e-15, 4.318684871988042e-20, 9.709703376140046e-28, 2.2166610570253167e-10, 9.196312401759242e-23, 7.970223832687531e-19, 2.778557708582175e-09, 2.909636095740079e-18, 4.554786380629402e-15, 6.286156699274748e-18, 8.280801002273002e-12, 1.502803688688559e-08, 3.4966979816131363e-19, 4.1482306058085155e-19, 5.469207463354318e-15, 1.960062962149533e-20, 4.217251670685083e-12, 6.278648449823044e-14, 3.4111571707984062e-15, 4.6006846410423115e-10, 3.506562428109096e-15, 2.636282980490777e-19, 6.552750649398393e-08, 1.9270037179431985e-09, 3.2938938559487406e-20, 1.7504987412397665e-07, 1.5165193889746014e-14, 4.789587378022103e-18, 2.3934315238204204e-21, 1.0304336750187775e-16, 3.6849006201486986e-16]",8.702701780909927e-09,45
nella dan australian research vessel trapped days antarctic year later southern quest carrying british expedition crushed ice sank,"[2.28904745945538e-05, 1.984661330417555e-14, 4.444943386039486e-15, 1.992943245071342e-14, 1.1896380289553979e-21, 1.1739780791185954e-20, 2.1277363356972251e-19, 5.65349611175878e-17, 2.9394341593843267e-21, 1.2932684738177882e-21, 2.9911119527921085e-17, 8.663956727211518e-29, 2.9996771845149834e-19, 6.7638584757366475e-21, 4.275250493443974e-20, 3.936611237199509e-12, 2.7671148076326472e-11, 1.5827400881786477e-16]",1.2716947914877445e-06,18
recently icebreakers used free nearly 1 people whose ferry among dozens vessels trapped ice baltic sea coast sweden,"[2.0026539997348056e-24, 3.8467004835664594e-16, 1.8751023925857405e-28, 3.151822644976861e-24, 3.232936175487491e-21, 4.056445778011114e-18, 5.364129131174191e-18, 8.688769792508957e-21, 1.70444375781421e-18, 1.5903563905379116e-16, 6.385239490033188e-16, 2.6875185196294126e-26, 6.020128828556202e-20, 1.6971977841547597e-25, 1.6372253423834557e-29, 1.4026763628698324e-24, 3.6120123252738254e-23, 1.0044785641028128e-10]",5.580502768727902e-12,18
passengers aboard mv scientific research vessel stuck sea ice coast antarctica since christmas day evacuated ship helicopter soon weather cleared,"[1.7507454133088294e-07, 2.5257081915068027e-19, 3.2650069960833093e-24, 3.6746849529370785e-20, 2.0552633942514104e-20, 5.438149079899857e-16, 5.865501285567326e-22, 6.765705808203889e-20, 5.923659248756925e-18, 3.615838873279346e-15, 1.0074092551914037e-28, 1.2297606855076876e-16, 3.706412960977725e-27, 2.3325567840568877e-20, 6.809076014441605e-13, 8.808811292636827e-20, 5.998910794185114e-20, 1.0913445165828717e-18, 1.9319197672696126e-10, 1.7135482699875691e-12]",8.763506602683784e-09,20
icebreakers trying free ship dense ice floes proved difficult get chinese australian vessels sent help,"[7.259978623056688e-21, 3.6403135448821406e-15, 9.52941781195821e-25, 2.195950290017057e-16, 3.0561980596653065e-24, 6.480636702411959e-25, 1.1885889728307208e-25, 1.500500205807216e-13, 8.9139376900975e-24, 6.940229078720264e-23, 3.1834824781681807e-20, 1.6560588676984813e-27, 1.634574254535711e-19, 7.943475335575408e-17, 1.8227300142320061e-28]",1.0265971102885612e-14,15
2pm local time tuesday greg co leader antarctic expedition gave notice evacuation everyone board expedition leaders asked volunteers among members help prepare landing area helicopter chinese icebreaker xue long suitable ice floe next russian operated ship,"[1.0403870320211093e-18, 4.9969292844381446e-20, 9.758638056958359e-15, 1.1363792313587576e-17, 1.9166881592929186e-19, 2.789610397017456e-26, 1.5990029738255915e-24, 3.1673287150660515e-17, 5.9070573296867825e-21, 1.4913202615515635e-26, 4.836099239236356e-27, 2.6458324170942963e-33, 8.45165699818908e-27, 1.6400565196688648e-29, 3.628340704242191e-29, 1.4275527473557337e-16, 1.5920815827538398e-22, 5.73772134432466e-23, 2.9958649153338842e-22, 5.941836087032279e-23, 3.539769549581197e-14, 8.78889377324923e-27, 6.002128572490318e-26, 1.9035037522590554e-17, 1.8238075109924144e-19, 1.3106140758427197e-19, 9.819302520768062e-14, 6.476376733943861e-23, 2.0171763104256967e-23, 2.525729488075383e-20, 1.2268433329040168e-23, 5.237520465125829e-18, 8.652094204473433e-23, 3.3352913869112003e-23, 1.0650424285262447e-21, 2.072784234206483e-12]",6.156514684361689e-14,36
chinese vessel wait better weather visibility launching evacuation tuesday morning conditions yet suitable rain heavy winds clouds,"[3.8497042556623035e-24, 3.917295364656139e-21, 2.4820085174423644e-21, 1.457202188490586e-22, 6.951566102942283e-20, 6.629067729136868e-23, 8.341254811928836e-18, 1.4189602330018924e-18, 3.307509438872213e-18, 1.422557796721845e-23, 1.1605181171665326e-15, 5.2454564589331764e-20, 2.569073173961206e-22, 3.002196648116175e-20, 3.9579303695261503e-22, 3.415301068084835e-23, 1.9590773168912725e-14]",1.2214422540587404e-15,17
going flying today possibly even tomorrow said chris climate scientist university new south wales leader,"[4.432815945758784e-28, 7.443119499352814e-20, 2.9498580538688236e-20, 1.6277050355808809e-19, 3.7840228780862673e-22, 3.255169687848537e-17, 2.5262781014580448e-26, 7.343695240709111e-26, 6.08176431440147e-28, 1.2106587052599335e-20, 1.4056367622016324e-21, 3.2191734747836287e-22, 1.5021293756526664e-13, 1.4567815801722378e-30, 3.252865153287806e-26]",1.0016384678339997e-14,15
australian icebreaker aurora australis arrived edge sea ice surrounding c nautical miles away c early hours december local time made several attempts cut ice next day thwarted time tuesday morning captain confirmed vessel would move join xue long unsuccessfully tried break ice friday last week co ordinate air evacuation,"[1.1239700747155202e-25, 2.769324539527605e-27, 8.70253448077622e-26, 4.727015268612277e-22, 2.32989898484061e-19, 8.450281653950972e-24, 5.829784238207961e-23, 5.627547191189046e-26, 5.95283905697691e-10, 1.660372406920433e-18, 5.556124509049434e-20, 1.437316371695532e-24, 1.3067785139528419e-23, 9.94771069227764e-15, 3.336325238014971e-18, 2.548488002329952e-22, 1.5658259111865251e-16, 1.2422207196751364e-24, 9.440797876704752e-30, 7.013245319838598e-11, 4.808787594766158e-16, 2.71073193099645e-19, 1.2067791151734928e-17, 1.0371158020692607e-25, 1.1332835485601511e-10, 1.3099928727721254e-17, 1.2256461937968069e-23, 1.6507030701083968e-13, 6.380963537565113e-25, 2.088705127091944e-23, 2.884295845929064e-20, 1.5283003376000147e-22, 2.8916421307491106e-16, 1.855410290856822e-15, 1.0134982962471156e-12, 6.22726521820855e-24, 1.1204934155736008e-15, 1.9084445407180073e-17, 7.301470879764663e-28, 1.3593981234577742e-20, 2.2230369278638206e-18, 3.9410639135927634e-29, 1.1316944952746726e-23, 9.731257719719204e-26, 7.335160788400195e-24, 9.529363408598487e-19, 1.4730205212799254e-24, 3.765743609293432e-26, 1.9204161270370425e-17]",1.591708581280397e-11,49
members picked ice next dropped similar landing pad next aurora australis chinese helicopter used heavy land australian vessel deck aurora australis sail nearest australian antarctic base casey heading back australia late january,"[8.938597690539289e-29, 8.192659879507151e-24, 3.1502021774043763e-24, 6.11939111588831e-17, 2.8963310247149277e-22, 8.911514951242465e-25, 1.1609912405859605e-18, 9.497686627077043e-31, 9.491688264729514e-22, 1.5188847229573522e-21, 9.061575326080114e-21, 8.147811308065015e-18, 1.4212465204673742e-21, 6.220477803703085e-19, 8.972076313130991e-29, 8.424651379684084e-31, 1.7403873367992734e-26, 6.048678254615756e-20, 1.6147274389641773e-15, 9.91133854796784e-29, 1.5622525798726504e-19, 2.772101657469204e-27, 8.481711420886312e-24, 1.9109525940765177e-19, 3.3692912696757486e-31, 6.2143631530726265e-30, 4.195428299029128e-23, 1.2640858419978492e-19, 5.425574857864048e-19, 2.2749556461195776e-18, 4.199565695974345e-23, 7.593136644880412e-17]",5.5160895034736206e-17,32
said expedition team disappointed unable break free ice help icebreakers get home steam,"[4.5921075996097155e-21, 9.40134694989479e-17, 4.126730644783356e-23, 1.3891321206707885e-24, 5.11712234045848e-09, 2.2777398708309742e-21, 7.104796746646215e-15, 7.148580478647636e-20, 9.17251088346448e-20, 3.26911152627456e-28, 9.444016154895076e-24, 3.691534731986742e-24, 7.251768752920595e-23]",3.9362534918760806e-10,13
unfortunate c massive breakout thick old ice side glacier swept sea said way many icebreakers get,"[3.0316675801467895e-28, 2.237480368769655e-24, 1.3577710218763704e-24, 7.659771745219938e-29, 7.657669372687751e-28, 1.0060619489650397e-23, 6.296550668497294e-26, 8.919924891848828e-26, 4.735244884140478e-27, 1.1582317404352797e-28, 7.391225511992507e-25, 2.7639787257430694e-13, 5.374351282522657e-16, 3.021395790687367e-14, 1.0705068892069574e-20, 8.56053753851391e-21]",1.9196830305599526e-14,16
russian crew given extra provisions remain board members evacuated remain position break ice c either winds change blow ice apart stronger icebreaking vessels come help,"[3.0541966528791945e-23, 2.4022860442363777e-23, 1.0615892845063668e-20, 9.82530857569531e-20, 2.6808506095197968e-15, 8.686238672097844e-23, 2.9447104249698507e-21, 5.044221907501904e-19, 4.458561398318572e-17, 1.274319846237092e-19, 2.3057719795829843e-29, 2.130885649226665e-19, 1.9768848407693912e-20, 1.4436201773960043e-13, 2.2333260864873976e-20, 7.112383059939957e-23, 5.423331298806802e-21, 1.540400608523267e-22, 3.7126440901637106e-20, 1.322422229202953e-27, 4.733148980997459e-28, 1.8658758709722563e-22, 8.50865245271203e-20, 1.2072594463628401e-18, 5.163833256956277e-19]",5.883612186155653e-15,25
american icebreaker polar star days away even bigger russian icebreaker days away either could called upon help required,"[8.239338237113024e-16, 2.2557942226697762e-20, 1.6675068956248092e-20, 1.9620111076928022e-22, 6.578066110374943e-19, 1.983202207383069e-18, 1.3196959887878124e-21, 1.1298397580987179e-17, 3.3703560719652603e-23, 2.809151127935424e-19, 2.0301927450088388e-17, 7.946126217284144e-19, 1.0421347353287092e-26, 2.2893530409663227e-17, 2.507715304325621e-17, 1.7823831265164556e-16, 3.8799113637907754e-27, 6.227790849742852e-22]",6.030561593361751e-17,18
also responded speculation climate taken social media sites recent days attack scientific consensus climate change pointing apparent incongruity much sea ice around middle antarctic summer,"[2.2040145330387424e-15, 5.409062439822958e-28, 3.7102911545174256e-24, 2.9977717295820257e-22, 4.561255147812858e-20, 3.476766572897641e-28, 3.287384541604145e-21, 4.247205638907667e-20, 1.493464867750604e-18, 3.885733802708594e-25, 5.134877607390261e-25, 2.5793360570964224e-28, 7.820722760965407e-24, 2.0402492866976624e-27, 4.79729893148723e-26, 4.153022376243751e-25, 3.6601336501743406e-23, 4.07031835177517e-25, 8.589499025539533e-25, 1.0631674369022498e-23, 1.1458390900293243e-21, 7.649751300577135e-20, 6.453700722849318e-19, 7.95430507074055e-27, 1.0473819680046238e-21]",8.825295167555629e-17,25
misconception c trapped new ice created cold said old thick ice attached another part continent broken south easterly winds pushed coast pinned us,"[2.8206831012537917e-21, 1.6366588450765225e-18, 1.2793361649002322e-24, 3.0803438028289844e-13, 4.462346481236036e-19, 8.728586131711796e-19, 1.1234479316210787e-17, 9.076360148717724e-26, 1.8080768280336838e-14, 3.2602720785908795e-24, 1.450751347590892e-19, 2.7314852435184637e-23, 1.409711003912e-22, 1.6041522258865693e-19, 1.203826232639546e-22, 9.117167843136645e-26, 2.1724137800895717e-22, 4.8117586017412305e-23, 6.909334191856966e-26, 1.6844564866785927e-25, 2.7417173702576015e-25, 1.2081177817641316e-18, 1.3624433191888277e-28]",1.4179602425336565e-14,23
event likely result long term climate change happening part world long iceberg came area years ago knocked tongue nearby glacier long iceberg grounded sea bed commonwealth bay causing sea around lock ice attached continent,"[1.963474789120318e-27, 1.7918727701256594e-25, 1.4555727385369532e-18, 6.430801149906067e-25, 2.5612631734699591e-23, 7.06771764132144e-18, 2.397941024126808e-22, 5.905663122859004e-29, 1.223713906009907e-21, 3.19886310596614e-20, 4.046068396903269e-24, 2.573484246769102e-19, 5.3391438075603175e-28, 8.441273089995907e-15, 4.29771290827716e-28, 1.1415597409615452e-19, 6.325823656115055e-29, 5.05866686004456e-29, 2.6236917864048715e-30, 4.759272551227476e-27, 2.738782492662722e-34, 1.7790080489394987e-31, 3.541894180229855e-29, 1.38388758812396e-27, 7.461619976361597e-23, 1.1695163575969436e-21, 1.3528722312722044e-26, 2.912574075151315e-29, 1.117355718752816e-24, 1.5323390470195482e-29, 3.9813227137229817e-19, 5.753734618284363e-25, 8.613823536415846e-23, 5.215927151324403e-26]",2.4854708328542586e-16,34
glacier tongue hold back sea ice broke past weeks said ice commonwealth bay near old ice could go anywhere apart unfortunate circumstances,"[1.0473410733670947e-23, 1.730110781926229e-24, 1.9844064123671197e-16, 1.3898927523452106e-24, 3.935063894196133e-21, 2.2537577860105198e-23, 2.810696417606225e-20, 4.738066084749277e-22, 5.546663607490936e-17, 9.40835002022413e-25, 9.958407339508967e-25, 1.526508711491905e-21, 1.781010737419635e-16, 4.370617952989676e-31, 1.4906340333255112e-20, 1.2308065947212756e-18, 1.1566259408860717e-27, 1.0375357279339039e-20, 8.028188058373462e-22, 4.066510490501225e-32, 5.879326681311731e-21, 4.472767728310012e-22]",1.9695711326381544e-17,22
got stuck last week two weeks month long journey bluff new zealand commonwealth bay east antarctica following footsteps great antarctic explorer scientist douglas led original modern incarnation intended repeat wildlife ocean weather observations order build picture part world changed past years,"[6.543266363022237e-22, 6.372795545529612e-26, 1.6591454105869451e-25, 5.0307466390657414e-21, 2.212377275678181e-23, 2.187303284757802e-20, 8.816369100939772e-23, 1.0535037480438145e-16, 3.46997885168009e-23, 1.5087756603691048e-18, 1.105629885104746e-24, 2.7162743223618197e-23, 4.566775630914753e-29, 1.615899464619138e-13, 2.6414363954660165e-15, 5.2962287382934215e-17, 5.2988907113461755e-20, 5.762636598818931e-23, 5.1948387249928775e-17, 9.999395459450348e-21, 8.242082940969305e-18, 1.5201689690581536e-22, 3.207030900821554e-23, 1.0192829059437424e-16, 6.67861763152824e-28, 1.844409059114325e-22, 1.2288370715907331e-24, 6.197157090426442e-29, 1.6233738298411903e-18, 7.216844085768326e-26, 2.5324687961506233e-23, 3.516567473415453e-24, 1.4201017296252134e-27, 6.756362263411578e-23, 6.781749381807744e-24, 7.263042459385825e-27, 1.4139339347229338e-30, 1.3775011045521657e-31, 1.8159647871433725e-28, 2.6596508939050094e-22, 2.550837055303492e-31]",4.013537510886669e-15,41
passengers including scientists paying members public crew board became stuck ice near cape de la motte east antarctica 1 nautical miles tasmania strong blizzards hit vessel christmas eve,"[4.781149568571764e-17, 7.598770032798377e-31, 8.138424938071997e-23, 5.9488944813059676e-21, 1.3851806025012838e-21, 1.1917268460034175e-26, 1.6783516011821894e-31, 1.1497093916877647e-23, 2.091174127777012e-32, 1.1495300510737886e-16, 7.753862769132545e-21, 2.6296724312405813e-23, 2.2654190437279724e-27, 6.5221167043670285e-21, 7.288801977260988e-20, 2.3212632768501324e-28, 4.133285692277729e-26, 5.6202958406941706e-30, 4.090272760334749e-25, 4.366645089168664e-26, 2.1110151321288855e-22, 3.233355203391878e-24, 1.8112071398771695e-23, 9.874316567657605e-30, 2.707407872917028e-28, 3.8867334768867955e-20, 1.962175159724288e-15, 3.288693809202478e-20]",7.589665232136826e-17,28
latest attempt rescue passengers board research ship trapped antarctic ice week delayed thursday sea ice prevented barge reaching one rescue vessels,"[6.238451644810454e-26, 3.0411686514611135e-25, 1.0398228283289416e-12, 3.0483034399427853e-28, 1.4869547104231663e-28, 4.458875118684479e-18, 1.867274536706202e-21, 1.630655233524468e-19, 1.215895060746515e-19, 5.859204675298282e-22, 2.7842347416474606e-08, 2.52623523103691e-18, 2.674168841887237e-24, 3.933880776998171e-21, 2.3008462581447497e-23, 1.1224653130159583e-18, 2.55998679168787e-19, 9.186470190239428e-14, 2.893158683129679e-11, 1.9167442620111373e-17, 1.3625796284762402e-16]",1.3272576597579133e-09,21
australian maritime safety authority rescue coordination handling operation said earlier thursday weather conditions improved rescue flights expected commence helicopter expected airlift passengers chinese icebreaker snow dragon barge would ferry nearby australian vessel,"[1.5445415536363327e-10, 1.5979835985556202e-24, 4.087770224663115e-08, 1.271156118176954e-12, 9.553927312486718e-30, 2.8100457265787036e-19, 1.7563259236879007e-23, 1.1721103585793136e-25, 4.1510406798436043e-11, 1.319651279932668e-18, 7.988216229454482e-17, 3.7335617024078876e-16, 3.738204344073804e-21, 3.44712796396855e-11, 1.3889186879891747e-22, 1.1079828630517498e-11, 1.742025853074275e-19, 7.591310822853454e-22, 3.197405476374939e-10, 3.657253298172303e-25, 4.280994787028648e-20, 2.539280908745779e-20, 4.952070987491781e-22, 4.3990893447748796e-20, 5.883829693634303e-25, 6.060956549331046e-26, 1.0521431095645997e-13, 2.904776430285177e-23, 8.353943134742085e-23, 7.417763285546666e-18, 1.3279975490720413e-16, 4.6061368179645585e-22]",1.2950104822024587e-09,32
rescue operation could begin sea ice blocked path barge needed make australian vessel aurora australis snow dragon aurora built handle helicopter landing appeared unlikely passengers would rescued thursday maritime authority said,"[1.091091028618773e-13, 1.7747912964661786e-16, 5.805218172024439e-15, 3.421335271488012e-21, 1.75231864431699e-25, 4.504469819804537e-18, 4.657494390865723e-17, 7.662057491766773e-09, 4.5915454317475725e-21, 2.6385557289494073e-20, 3.3066739325669214e-21, 2.968734837266412e-20, 1.4266523149220344e-19, 8.50105846045063e-17, 7.703843567745916e-16, 6.186569551784695e-17, 1.0065713753976912e-20, 2.0595744061379533e-16, 5.508661572995588e-13, 5.962707294048486e-19, 6.863510258860282e-15, 3.640933159111233e-18, 1.4340198828792619e-18, 2.406525347386878e-07, 1.0129329913879207e-13, 5.260439754870318e-15, 1.0502718922870994e-14, 1.9048510321781677e-16, 3.857763292405179e-24, 9.841793932848832e-20, 2.377389393331648e-19]",8.010173660625491e-09,31
rescue complex operation involving number steps operations antarctica weather ice dependent conditions change rapidly agency said statement,"[8.783481996901461e-21, 1.4222231967096608e-13, 4.121156103296298e-26, 2.077112085374136e-17, 9.4998993518058e-25, 3.9519160938492098e-28, 2.75674672242334e-25, 2.7202975133081175e-21, 1.5977379212227902e-12, 2.5225763314489498e-20, 6.521691484118738e-17, 1.8473214517891617e-09, 1.6119641235182798e-09, 7.559533759903958e-21, 1.1516134983430715e-14, 3.1177154390296594e-33, 1.1501021760746275e-16]",2.0359042663093306e-10,17
rescue operation scientists tourists crew russian ship mv plagued one delay another since vessel became stuck christmas eve three icebreakers initially dispatched try crack way thick ice surrounding ship failed aurora came within miles ship monday fierce winds snow forced retreat open water,"[5.777352543622435e-21, 1.1455557210270087e-09, 0.000313288953025739, 4.3523102008338905e-15, 1.2035189106943917e-10, 2.1011232154181278e-06, 2.4135418770008565e-09, 0.6029320100447181, 4.555984687006113e-07, 5.68316013507892e-09, 0.24825471825794437, 0.009193924852670506, 2.2980599275858405e-11, 5.141130118046495e-13, 5.287824531987372e-09, 2.686889723680038e-07, 4.7581074126689704e-08, 3.34788920472078e-15, 2.1768828344786513e-12, 1.2597359341726542e-18, 1.7744619331762227e-10, 5.039927406443555e-11, 8.80238840326591e-19, 1.7895056189284672e-16, 2.4434388365850063e-19, 8.089229146975733e-23, 1.0210611213705873e-13, 3.047900635101594e-17, 2.0988965056544084e-18, 1.4280886186823606e-13, 4.4044759495437163e-11, 5.528083104553821e-18, 5.883757149585645e-21, 4.2242288951545627e-23, 4.88413617226081e-07, 2.1015845708910192e-07, 6.47674028250443e-16, 1.1066356409684838e-17, 6.634348764333609e-17, 3.719622488709481e-10, 2.1557669684505293e-18, 2.0894028611928964e-09, 5.673776561861004e-11]",0.020016221654384093,43
officials planning thursday use helicopter board snow dragon waiting edge ice pack aurora rescue scientists tourists dozen time five hours crew members expected stay icebound vessel danger,"[3.5794445509409946e-14, 6.294734908244696e-07, 1.638765863122252e-20, 5.8924412926959854e-18, 7.09543839226652e-10, 2.0097663091606194e-17, 3.598777101467999e-20, 6.163922840241158e-11, 0.00017196743794355322, 2.658362786505843e-06, 6.056665026122858e-12, 1.4337289246798289e-15, 7.395464014148874e-21, 3.5053354177395304e-20, 1.8371854871557606e-21, 9.493646991594597e-13, 5.611103190366802e-18, 5.442865654125914e-22, 6.713053682156627e-19, 6.576800223828554e-17, 8.62855582030181e-18, 1.136863786008254e-22, 9.728022054096525e-23, 3.2058370680643033e-11, 1.0101257209057984e-10, 1.0123609890135817e-20, 5.661918575150397e-10]",6.490990804078372e-06,27
passengers supposed flown 7 miles chinese ship would transported 2 miles barge australian icebreaker expected travel australian island state tasmania arriving mid january,"[2.4705110485775018e-23, 9.433498889970691e-17, 1.189639097745599e-19, 9.44498921068741e-23, 2.1191903891076428e-20, 5.739371231021571e-20, 1.1585353818233866e-08, 2.8879404941327136e-17, 7.262123868927272e-14, 4.399466470752282e-14, 1.8042132885802345e-22, 1.1325363920697147e-13, 3.958285667489285e-22, 1.1529239452566058e-19, 9.892725637695037e-22, 1.894776981825793e-14, 1.3235568003134747e-18, 3.028674636550008e-17, 1.204435000844811e-22, 2.407315671396453e-24, 2.1414837101515743e-20, 5.925703025014731e-19, 1.9930112688335895e-24]",5.037218604912878e-10,23
earlier thursday appeared likely rescue would go ahead expedition leader chris posting video twitter account blue sky visible behind,"[5.919559620164592e-22, 1.2141604491266918e-24, 2.4642029955937286e-15, 8.448482321248742e-18, 2.2874392694832853e-22, 9.56965677178929e-28, 2.062744142927558e-24, 1.7024232307254058e-26, 1.0448767096250655e-32, 5.539303741849508e-16, 3.611573154842889e-23, 3.01167442576265e-10, 7.80891878714766e-19, 1.6955945103716245e-18, 1.420904255412754e-15, 4.377914237891759e-19, 3.9325029423967695e-27, 1.0839686182269828e-30, 2.4321175705829272e-21]",1.5851152262102244e-11,19
stunning day said video hopefully hear evacuation soon,"[1.449964549953426e-16, 1.196950534288621e-19, 5.522332073600183e-16, 6.378668507436985e-20, 3.259909573972164e-25, 1.3453262597676608e-24, 2.4211830342509136e-24, 3.482010496723064e-25]",8.717664356682069e-17,8
left new zealand nov got stuck christmas eve blizzard pushed sea ice around ship freezing place 1 miles south tasmania ship danger sinking weeks worth supplies board can not move,"[1.0712322692595976e-21, 3.716098345961895e-25, 3.532733804923985e-29, 3.028149263128685e-18, 9.714993274507839e-19, 1.4014185758848307e-23, 1.1050216124799862e-29, 4.926342145940577e-21, 9.35969796772338e-17, 4.671212668809592e-22, 7.743479340107884e-19, 3.953453459103561e-18, 4.989143399352686e-21, 7.097803937423586e-26, 1.5312484976530904e-13, 2.4656649472553137e-27, 1.2075073013326065e-16, 2.6495524952461193e-21, 1.0310235000691368e-13, 3.637254286415102e-21, 3.900717515538362e-27, 1.6597859081544035e-13, 1.605505098823794e-13, 1.4859886697804493e-23, 1.1847558081976332e-24, 2.276805275305599e-18, 4.3890476152376025e-16, 1.7846039412601095e-14, 7.890381028383681e-20, 1.5946090094293093e-17]",2.0042754645809836e-14,30
scientific team board recreating australian explorer douglas voyage antarctica hoped continue trip icebreaker managed free ship,"[4.058624775072703e-24, 3.240240704478859e-25, 2.1305774258560696e-17, 3.1757521108954837e-26, 3.2622654105237797e-25, 1.6723262135436123e-21, 3.4725151425491156e-26, 6.185664269933329e-36, 1.370565157511825e-30, 1.3092668308331812e-19, 1.0249776148454863e-29, 1.2708269208782181e-24, 1.7691380129850147e-20, 2.2905780519163135e-19, 1.8510639223843347e-25, 7.604058542845195e-21]",1.3557957964390548e-18,16
dramatic operation displaying unusual international harmony one world remote inhospitable places red white chinese helicopter thursday rescued passengers trapped week aboard icebound russian research ship antarctica ferrying dozen time australian icebreaker,"[4.6316763641855856e-27, 1.6087612518980672e-21, 2.380303882425989e-21, 1.427261493378401e-24, 1.6824387530377317e-17, 1.9250484792561475e-14, 5.812029646767633e-21, 8.236713986739584e-28, 2.233014391436224e-25, 3.3568794503714967e-35, 2.113787529662523e-20, 5.857265340611463e-22, 3.2392230935553977e-19, 6.69956550646598e-18, 6.642575905011429e-24, 3.961057845922529e-28, 7.287125715849542e-29, 1.0654922990240492e-17, 2.8631217809955866e-19, 8.592345523436287e-27, 3.9205742613641066e-30, 1.5810146549598973e-23, 6.089635931867479e-23, 6.04064836727038e-28, 3.2887623122576972e-21, 2.2784730309991693e-24, 2.3740949163412235e-25, 1.2319772448870033e-28, 4.91421808477924e-28, 2.5711812798545633e-29, 1.593218653316426e-20]",6.221072495565406e-16,31
twin rotor helicopter based chinese icebreaker xue long snow dragon flew several sorties across miles packed ice pluck scientists tourists journalists landing zone next marooned vessel,"[6.381481426370964e-22, 2.2690061035835205e-27, 8.03703940065107e-29, 7.536042851299388e-24, 2.93451125715367e-26, 1.889047873481537e-27, 2.6809295125533937e-21, 2.630390206438399e-16, 1.883502695948391e-23, 3.357608528939696e-23, 5.6704596229038985e-24, 1.7260000412074577e-26, 1.48922420770548e-26, 6.336553594930782e-26, 1.6545251572310855e-25, 1.0360344223648272e-22, 1.5379851355508583e-27, 1.9001252122214003e-29, 1.1084977943821358e-29, 9.690327532092292e-31, 9.520965741291142e-27, 1.6390344713008056e-28, 1.9069976211216255e-24, 1.3335556926583036e-27, 1.9755282782622594e-25, 3.5638655767529004e-30]",1.0117019667471053e-17,26
blue hulled russian ship surrounded dense extensive pack ice could move vessels designed break ice could get near images people rescued showed smiling walked single file across ice landing area cleared passengers crew members enable helicopter touch images internet showed crew members hauling sleds luggage,"[5.678639545457302e-23, 2.897317948060551e-26, 1.7071838681881573e-22, 6.283687092998808e-17, 1.2494515568285032e-16, 3.7135126556862927e-19, 1.0921451962048547e-23, 8.601155948227734e-21, 9.576805319850661e-30, 6.855337886676594e-29, 2.644684858429489e-26, 6.25674322350579e-26, 6.2512220077401795e-25, 3.782343510159836e-21, 2.2162529884411237e-19, 6.639505977663065e-25, 8.236083216351895e-24, 3.6961992714759773e-26, 2.6847526859870055e-26, 2.1878718153295917e-14, 2.6943569197128696e-27, 1.8450934585875063e-27, 6.627290491172958e-24, 1.6449872177916176e-24, 2.569662114597189e-19, 1.1884488816792501e-26, 2.552387695667027e-26, 1.25150379054105e-27, 1.0076005704538413e-19, 7.497624271162176e-14, 2.802453191143622e-23, 5.4700420380836806e-17, 2.923091104905582e-20, 1.2473142901340784e-18, 7.930907403134277e-29, 1.8575405879888795e-21, 3.259068978051937e-17, 1.608891889360312e-26, 5.619681540940486e-26, 6.857556529606185e-33, 5.440024452441379e-24, 1.5639178947937542e-33, 1.0242317240360877e-28, 1.1312025761745568e-29, 1.5177301604849283e-17]",2.158832290719037e-15,45
rescue got underway arrival chinese helicopter chris leader research expedition professor climate change university new south wales australia said message twitter chinese helicopter arrived wrote huge thanks,"[7.174168149424923e-27, 2.115704315035651e-28, 1.67153078683627e-30, 2.519779701210193e-26, 9.02339764537184e-23, 4.914667450964317e-26, 6.3282912341520584e-24, 2.1731023187774245e-32, 1.6156996772868765e-25, 8.742580277537628e-16, 1.2622583186795806e-28, 1.0281330215725697e-28, 5.188968557111514e-30, 1.650079287947037e-30, 3.591773004753407e-30, 5.877881014638135e-17, 2.4635553742199444e-24, 1.0615685118400433e-28, 9.437366279466684e-27, 7.579101577556951e-31, 4.404924311433774e-17, 2.0670069808658443e-30, 2.425520900374604e-19, 2.009945776554476e-28, 9.944907687545338e-30, 2.5171832631051645e-27, 2.428543454880577e-23]",3.619736135820714e-17,27
rescue closely followed around world scientists others journalists board sending progress reports passengers lifted safety aboard australian icebreaker aurora australis,"[1.573771615494158e-20, 2.551925694941778e-28, 3.565430301160222e-31, 1.1395619547553193e-24, 1.4019157930604742e-25, 5.849988426087265e-23, 5.197038259693736e-28, 1.4484125121400418e-27, 5.875060126799348e-33, 5.1218544967011546e-26, 7.602347731818516e-23, 1.826734271583628e-27, 2.531928360921039e-28, 1.063489403808686e-23, 1.157497728246278e-33, 2.5179864305578374e-32, 5.771760307200173e-35, 1.7136689387416381e-28, 3.1933897374537196e-20, 1.498640415590486e-23]",2.3916546818161288e-21,20
operation began rescuers said worried weather would turn bad prevent helicopter flying helicopter captain jia told chinese state news agency xinhua rescue would take five six flights last three four hours conditions good,"[7.91744685688431e-27, 4.5633912094035065e-33, 1.540068329903599e-19, 1.478172186123346e-27, 2.812949180211256e-34, 1.062975995741037e-31, 2.686739440246755e-32, 1.351021244262381e-30, 2.543411755843672e-30, 5.984975587595186e-22, 3.608608697796557e-30, 4.117925316669892e-31, 2.6232171421575465e-27, 2.992730254215513e-27, 2.3765948118655903e-27, 1.2185168523386075e-28, 7.598142893829055e-23, 1.6849108325175832e-20, 6.542139039401615e-29, 2.4724618446984264e-20, 8.563606918223701e-24, 1.6299286570515206e-23, 1.7946407579699977e-24, 1.9443137899619736e-20, 3.842329044417939e-21, 2.420092623402321e-25, 6.970031258173724e-19, 1.3776477125151924e-17, 7.626367115520734e-22, 2.4938401191195664e-19, 1.5637582430067319e-27, 7.306612281470875e-23, 1.5462480786070648e-24]",4.528263314045063e-19,33
must patient wait adverse weather improves poor visibility could lead tragedy current conditions limited navigation said first flight,"[2.982902161839039e-23, 1.8163165587210416e-25, 6.553102910161738e-25, 5.122286189746117e-26, 8.732545644510575e-23, 9.543062269561052e-29, 3.6748048968405644e-17, 7.387734150381284e-21, 1.771821025671696e-21, 1.7805018803253675e-20, 1.800483972375542e-21, 1.183174268296933e-24, 3.9786584294674555e-19, 5.632615153667977e-22, 0.09755571429758761, 2.6583674203691e-13, 4.3523897036893603e-16, 6.491634295317034e-20]",0.005419761905436329,18
several hours later dr sent another message twitter saying made aurora australis safe sound australian maritime safety agency coordinated rescue said crew aurora australis confirmed passengers board,"[5.498161380076817e-26, 6.49295914306742e-30, 1.9921907538840104e-25, 1.9195831928176233e-25, 2.3304348177145213e-19, 5.83921515251906e-29, 6.175119805442605e-19, 1.87383153130883e-20, 3.2261076419561263e-19, 1.770115420740655e-21, 1.051897557250255e-26, 3.6949414096537323e-25, 1.2495541050871947e-18, 3.532354362113653e-18, 4.4992833213968384e-21, 8.004814146427963e-16, 2.126275496637506e-24, 4.285653044004681e-26, 3.1951366807418982e-21, 1.9654965246006763e-23, 1.602839520197268e-11, 4.73572230390737e-15, 2.3970026697721646e-08, 4.3032248950306147e-10, 0.0009723603085323013, 8.242186035919561e-22, 4.0990442553637237e-16]",3.6014249070956884e-05,27
ship take rescued passengers australian island state tasmania arriving mid january,"[2.1047530220447727e-18, 2.6108910156983434e-15, 1.9181632230450784e-16, 5.6513429416143844e-15, 3.5577308861160707e-16, 8.795470085783796e-16, 1.5143111816102123e-18, 2.0546953027302903e-20, 9.949400281016836e-20, 1.0888620997639027e-21, 3.847157445481459e-05]",3.497415860409791e-06,11
crew members russian research ship planned stay board ice releases grip ship well stocked long voyage passengers said,"[2.7098189299647187e-24, 1.4339620700662994e-15, 1.465335866265435e-18, 3.673460553818735e-22, 1.6901745225759805e-17, 1.3748059531951311e-21, 1.2058980059342022e-19, 3.4483440893848845e-15, 7.598823289065598e-15, 8.094462262700987e-21, 2.8485836793874925e-15, 1.276024776122114e-20, 1.9609790231128762e-14, 1.9894653926729383e-20, 8.032546023626678e-15, 7.536123802962559e-18, 1.3792535317043637e-16, 1.3342678145921069e-22]",2.3964467310099048e-15,18
foot russian research ship lodged ice since dec powerful winds encircled pack ice near cape de la motte 1 miles south tasmania,"[3.005435672627795e-22, 8.078094000503282e-07, 6.405247938917238e-16, 1.2519734040773028e-19, 3.9497977340793803e-16, 8.316277631748211e-13, 2.856253997893785e-17, 4.1388932596550944e-13, 2.25712324404e-19, 5.845894986572442e-15, 6.847582792104113e-14, 3.0425365488563676e-09, 1.1839830596077478e-21, 8.237410357179569e-18, 3.497051382231572e-18, 3.5257980524458765e-23, 4.1431848507827383e-22, 2.9348113205275354e-14, 2.892034984789101e-25, 2.014949372429252e-25, 2.079186694389838e-27, 4.2939675541078315e-23]",3.685696758464837e-08,22
ship set sail bluff new zealand dec 8 embarking planned monthlong voyage known antarctic expedition study changes environment east antarctica since australian geologist douglas surveyed region century ago,"[2.5380891918710094e-23, 1.2448062632637205e-21, 5.416510598833626e-29, 1.530233705435276e-08, 5.560903500531263e-23, 1.3478897197330299e-15, 2.903597704094076e-20, 1.9353815385102627e-27, 2.4139656016282092e-18, 4.743925553501575e-16, 3.651810570841171e-24, 6.064836343106679e-22, 1.8088831363626377e-25, 3.0634203562513303e-23, 1.0070608653739036e-15, 7.919765641553225e-18, 7.662101101428142e-23, 2.302530934033266e-16, 7.101847993714102e-18, 1.5951346128702072e-15, 7.286009614428743e-10, 4.2724968242310345e-23, 4.834506405947225e-19, 6.081250698037339e-26, 7.666840684372466e-16, 9.722715010412434e-14, 3.103036597635022e-22, 4.733927448785089e-24]",5.725371672253969e-10,28
efforts rescue passengers began aurora australis diverted resupply operation australian antarctic base ship unable break risked becoming stuck according australian maritime authorities,"[1.6431640606122482e-29, 7.409549875088686e-20, 1.7598383329284768e-20, 1.4473479632003827e-24, 6.204586001004513e-20, 1.192723853350488e-24, 4.241078735821815e-29, 1.9774677385636275e-16, 1.1551921561782232e-24, 1.8630942978681078e-21, 1.1231874507049712e-14, 8.878604891454921e-15, 5.6812893357831146e-14, 2.5532451338849527e-09, 2.1309314820531965e-23, 1.5377140231983262e-19, 3.3553184912285378e-15, 5.322106286556036e-33, 5.760005163368571e-19, 0.0017182987096619302, 1.2810249086186299e-08, 5.88132007178951e-11]",7.810518782044673e-05,22
xue long failed similar attempt saturday remained area chinese ship two months five month antarctic expedition,"[2.722017913005085e-19, 1.5733730190828533e-14, 1.2614681134748397e-21, 3.371919349860765e-23, 1.981574833345502e-23, 4.116816809053456e-14, 3.497168222686183e-17, 1.2395815487678838e-13, 1.0651648959622619e-19, 5.389164767444975e-18, 2.6414990966175886e-22, 5.023042489315464e-22, 8.241024977072759e-23, 1.5095679524174269e-24, 2.2658799891901604e-32, 2.557459920841048e-29]",1.1306299680550232e-14,16
passengers aboard russian research ship stuck ice week antarctica airlifted safety thursday rescue helicopter finally able land nearby,"[1.5426092333957276e-24, 2.3585212162496818e-26, 1.1814004504501497e-19, 5.401032192175838e-23, 5.507808182957057e-21, 2.764249468972091e-18, 9.524970639186974e-22, 6.063727024347508e-22, 4.2835426794795045e-14, 3.9394241431201814e-29, 2.205468375723755e-24, 1.0954025755325359e-11, 2.0950462804039156e-17, 3.1157254957717016e-14, 7.81780814143983e-29, 3.9467707667961814e-11, 3.3498145370355256e-12, 7.96627451701485e-14]",2.995845957067896e-12,18
australian maritime safety authority said passengers evacuated stranded since christmas eve,"[2.438091448878216e-09, 4.224378107149175e-20, 1.3142786594153297e-19, 7.55068667062939e-14, 3.614199131969567e-15, 8.528700190466388e-12, 4.336737909923224e-14, 9.55771848963841e-11, 2.446707061051844e-22, 1.5892184193764288e-20, 3.3425873504063025e-19]",2.3111998390309738e-10,11
chris one scientists ship posted message twitter saying passengers reached nearby australian icebreaker ship safe sound,"[4.264164977540992e-20, 9.319508086152e-25, 2.1446441177315936e-17, 5.581242158736605e-18, 9.955014493177494e-25, 2.961078067971817e-23, 2.5476664722502904e-13, 6.053516197198522e-30, 2.052488571630247e-15, 1.8980911522829e-13, 2.007810357878377e-15, 3.7460639282494086e-18, 2.2346556805634006e-14, 1.110697452972717e-14, 3.646169607766166e-20, 3.839734814752043e-16]",3.015652619261328e-14,16
passengers including scientists tourists journalists airlifted time australian vessel take weeks long journey land,"[2.0184797147379755e-19, 2.261214462827282e-18, 2.777925147894251e-20, 3.866326336813303e-11, 2.9460727373296836e-25, 3.979111879456244e-19, 1.6877648973643988e-11, 9.014421726463735e-16, 3.5839478861789326e-19, 5.6903596366632605e-05, 1.684619940816473e-27, 2.7334738513670115e-12, 1.7614631723565966e-18, 3.9143324681526744e-20]",4.064546760137521e-06,14
blizzard conditions hampered previous attempts evacuate passengers helicopter icebreaker ships china australia france also failed reach russian vessel,"[5.6822175504257035e-18, 7.16491095993453e-26, 1.0103630160591806e-16, 1.5424425789926235e-27, 2.105287143465407e-18, 6.667424407316553e-24, 1.5709838045842595e-16, 2.8492868245103614e-21, 8.369478571425549e-14, 5.492499176036933e-31, 3.390635565046687e-28, 2.3370435892219025e-22, 1.7638359995817635e-18, 3.985885843158592e-21, 6.184292105401213e-25, 2.999176021093546e-12, 4.723466696898458e-19, 7.28242806712944e-27]",1.7128549845852626e-13,18
seventy four people board weeks supplies danger sinking member russian crew expected stay behind wait ice break naturally,"[3.1482872461221544e-12, 3.31110650620164e-16, 7.920225839528289e-22, 5.427560738187605e-27, 5.1676778093019205e-26, 1.1768844368871101e-29, 6.2202493869295045e-21, 1.8334548969085375e-20, 1.0078332110002514e-28, 1.6040077069538422e-20, 5.39658383740276e-26, 2.8452308136872404e-26, 7.1983042661329e-27, 1.3326241887748065e-18, 3.2305543143106063e-25, 3.919663835158919e-14, 2.9321414220761564e-21, 1.4209315473894664e-22]",1.7710090956723085e-13,18
russian ship left new zealand november trying recreate australian explorer douglas century old voyage antarctica,"[1.6464535725017374e-19, 1.9733687060459292e-18, 1.6970270700727825e-15, 2.712020452403671e-19, 5.945776993947929e-16, 1.3719781835187646e-28, 1.6128601995009686e-17, 4.190109533542333e-19, 5.160668262424968e-10, 5.671559246385297e-20, 1.3362725582303142e-24, 8.851415457398825e-18, 1.6242142716955878e-17, 4.945030079759536e-22, 1.0181275253770956e-20]",3.440461079766975e-11,15
rescuers antarctica safely transferred passengers stranded ice bound research vessel,"[1.4900026489448707e-28, 2.6052484091274025e-24, 9.642082667341855e-23, 4.383108658413334e-20, 5.470973414716021e-20, 1.2147676706869544e-25, 7.692433654996953e-19, 9.537368424462806e-31, 2.0949116336092167e-25, 5.361027475589099e-25]",8.678840795267033e-20,10
australian rescue operators said scientists tourists aboard ship aurora australis,"[5.282546130677159e-14, 6.627151051534571e-24, 2.3805027160621508e-24, 7.345924675688548e-25, 1.792122849530632e-30, 6.924777059985255e-27, 1.0329209480100852e-23, 1.9327939178568872e-21, 2.8621541082555838e-27, 2.5792081706670193e-24]",5.282546326222596e-15,10
flown groups helicopter chinese ice breaker,"[1.5094076917392927e-30, 3.560767605816583e-25, 8.524109909710707e-31, 7.459220506313929e-23, 1.6001046744015615e-27, 2.4784443902957196e-25]",1.2532954788207269e-23,6
trapped since december crew expected remain board wait vessel becomes free,"[4.032359486289393e-15, 1.7155785768708334e-31, 5.237734267637215e-22, 2.9287064491247494e-17, 1.202235557903748e-28, 3.17955884787586e-23, 4.323531286133608e-26, 6.939519449225775e-24, 2.1887222682415917e-21, 1.0302539423477677e-19, 1.1539342124558597e-23]",3.6925021263530685e-16,11
trapped thick sheets ice driven strong winds 1 nautical miles south capital australian state tasmania,"[2.948296247374198e-22, 2.3692184580690262e-20, 2.2992433527228653e-25, 1.0755397385806888e-18, 2.5882229442835977e-24, 5.105278707862238e-24, 2.8850230310099595e-25, 5.699405659430043e-26, 1.807487914981124e-26, 1.2305256851334745e-19, 3.187695253986947e-20, 1.4114345613848505e-13, 1.0028590611029384e-22, 1.3431947169491846e-24, 1.5711897644728228e-19]",9.409657854910094e-15,15
vessel used antarctic expedition follow route explorer douglas century ago,"[2.231252683739255e-22, 3.108056300735431e-18, 3.2038709636380064e-23, 1.438449884796831e-15, 4.610541922896921e-27, 2.7106373026633195e-24, 1.542799801298231e-25, 1.5990902619592324e-15, 1.0282585471594445e-22, 3.934395179913015e-16]",3.4340880819074604e-16,10
white knuckle ride,"[5.336664278649408e-21, 7.171359755797073e-10, 7.010698967960826e-12]",2.413822248510016e-10,3
made aurora australis safe sound huge thanks chinese hard work expedition leader chris tweeted,"[7.725816140001796e-12, 1.2713935473564674e-15, 1.7877135976744996e-22, 3.752438616087123e-16, 2.4680322422273048e-23, 3.271549443233167e-19, 9.582830389185237e-23, 1.554009737359117e-25, 6.669195285823937e-25, 6.675845719287256e-20, 2.397394170881187e-22, 1.6356529839026703e-22, 4.7969747058615645e-24, 1.5623482304877058e-28]",5.519616551451691e-13,14
helicopter belongs chinese icebreaker xue long flight took minutes round trip,"[9.080276702438267e-26, 4.290175013315792e-26, 8.162767868220221e-20, 3.0641032048752587e-15, 1.479065536201512e-15, 6.08447087426515e-23, 3.6272661375975786e-28, 3.544862631414026e-14, 1.4374332375713952e-22, 6.859233005508854e-18, 5.492953483596887e-13]",5.357218949821018e-14,11
bbc andrew luck baker board says minute one way flight white knuckle ride,"[2.63319222545623e-19, 1.9175850664436608e-19, 1.4966079785230336e-09, 7.271188539115186e-15, 1.8498109560672503e-16, 1.2325108782343613e-14, 1.4847991771610084e-25, 6.124623978544827e-16, 1.150009978094769e-16, 6.571811130459371e-13, 4.1414653661177085e-15, 5.535522529429237e-24, 0.00016189379609948758]",1.2453484106869066e-05,13
passengers taken ice floe next aurora australis ferried ice breaker small boat,"[1.0797391041833438e-22, 2.0288006046449472e-14, 1.079884709358759e-14, 1.000734155886685e-24, 9.230446594109414e-19, 1.2791657532771473e-22, 6.331497227847044e-13, 0.0267955820659541, 4.961494635685143e-16, 1.0668690312971882e-17, 5.370542919609206e-12, 2.878587746179925e-19]",0.0022329651726657822,12
correspondent says russian crew staying behind could weeks pack ice clears,"[2.3079697693113948e-18, 5.833735593482056e-22, 1.657696523805356e-11, 8.076905861111983e-29, 1.5931973342135074e-20, 1.2743128009990547e-26, 5.227035555011226e-10, 4.034630728461648e-24, 1.661632020496125e-20, 2.0503855699460165e-13, 5.64567542198394e-20]",4.9044141972157546e-11,11
australian maritime safety authority rescue co ordination overseeing operation earlier said unlikely rescue would go ahead thursday hoped sea ice conditions,"[1.0756013676982047e-23, 8.444124640592018e-27, 1.0409708049063664e-25, 2.6493940158531267e-22, 1.836395993855497e-27, 6.671512279432602e-20, 5.862776324947984e-24, 4.600001190185689e-24, 1.249085582440569e-27, 2.1322602024199305e-23, 3.419847536271356e-21, 2.1149632409149938e-18, 1.6552796751664118e-19, 5.0682168099428037e-20, 3.1022371115032436e-26, 6.237543240230442e-17, 5.2309799993184695e-18, 5.743162616870926e-27, 8.577155854354065e-20, 3.717467582871059e-22, 9.198011293584918e-21]",3.338255699917476e-18,21
later reported aurora australis advised passengers board,"[1.1920513975221472e-14, 2.983974648142604e-21, 2.702418675555425e-14, 2.6608875880394873e-27, 7.385606374159322e-15, 1.5747434214982904e-13, 9.94337477628136e-23]",2.9114950334025026e-14,7
passengers expected back tasmania mid january,"[8.432340902897818e-10, 8.013035734930682e-24, 8.109823336066985e-24, 1.2112521574368189e-20, 1.495349432605511e-21, 1.3102532590950676e-18]",1.4053901526894314e-10,6
several attempts break ship sea xue long aurora australis french flagged l astrolabe failed thickness ice,"[1.8708355052276586e-11, 8.655639094293448e-24, 3.284481503314061e-14, 2.4418616812823035e-22, 1.7523681117765796e-22, 5.040490584163636e-21, 1.863148214131071e-07, 8.361258104514964e-17, 6.10090683874568e-19, 2.6561351375467573e-15, 1.9920855582935196e-23, 1.6918223063166955e-18, 3.095026120588516e-17, 8.990484300533181e-15, 6.4573580522409995e-19, 2.282144970465031e-09]",1.178848245922343e-08,16
andrew luck baker says aurora australis although big simply task speculation two larger vessels may coming area weeks come,"[1.0569913477821021e-20, 9.331953244687336e-21, 1.194180089438378e-14, 1.852515243734017e-12, 1.0692587536318628e-19, 2.602384579887493e-12, 2.719942045307031e-20, 5.858909467518778e-17, 9.428477376567981e-17, 7.215259149876645e-11, 1.2458102461975476e-21, 1.5825164132626678e-20, 2.744380229269904e-18, 3.945245004681099e-13, 4.3859554755048207e-14, 1.0777159142860783e-15, 1.6030020945524626e-08, 4.460847014596825e-20, 3.1438296087644864e-14]",8.477427070815309e-10,19
despite trapped scientists continued experiments measuring temperature salinity cracks surrounding ice,"[0.011446377686323558, 9.368178720669964e-08, 6.566106262072015e-08, 2.808620059002018e-06, 1.2342527671130944e-21, 2.9126958366530923e-19, 1.3151011601469853e-13, 3.712134951008867e-18, 2.671376912654975e-15, 2.001651138837781e-12, 6.044042929825153e-18]",0.0010408496046698387,11
one aims track quickly antarctic sea ice disappearing,"[2.849412816929546e-25, 3.5258263718983367e-16, 7.551556789170766e-21, 1.666606446340162e-09, 2.777184748935698e-26, 1.997688425887107e-16, 6.36929944611612e-25, 4.0986852843296266e-11]",2.1344923144281131e-10,8
ship plenty stocks never danger,"[8.237473239674783e-16, 6.643808206152999e-20, 6.74090479730643e-24, 7.247267547266102e-21, 1.767250586067901e-21]",1.6476455666171556e-16,5
scientists tourists research ship trapped antarctic ice since christmas eve airlifted safety,"[5.4600222385243245e-17, 1.14740674392875e-16, 3.6294758612982865e-27, 2.1457643946864854e-18, 3.6023566580501337e-25, 7.272297516305299e-12, 1.744299149316816e-18, 4.678641160548029e-05, 2.1799344518418982e-17, 1.819334818932522e-15, 1.7441066181749208e-16, 2.759238469062698e-22]",3.898868239997215e-06,12
flown helicopter mv ice floe next australian icebreaker aurora australis taken small boat vessel,"[4.918604993180924e-20, 5.359862699625946e-26, 3.394996602585563e-28, 1.7445229289690875e-25, 2.635313503410941e-15, 3.5306835871097193e-28, 4.7060919232465025e-19, 1.7118567786736288e-24, 8.884663412600964e-31, 5.72566432325279e-25, 1.1184595524512511e-24, 3.820910807975238e-24, 1.0402550655040187e-24, 1.140449680328348e-25]",1.882738076614311e-16,14
australian maritime safety authority rescue coordination overseeing rescue confirmed passengers made aurora,"[1.6392288772325898e-19, 2.80113547192754e-24, 6.148832548606838e-31, 1.948892038180967e-30, 1.4845929843181335e-25, 4.306334178140472e-25, 5.568203343974568e-19, 8.162965785511622e-26, 2.4787048570972028e-23, 1.709379460209026e-18, 5.222512586606087e-28, 6.02029709490619e-22]",2.0256274678920534e-19,12
expedition leader professor chris tweeted made aurora australis safe sound huge thanks chinese hard work,"[4.139617500255684e-27, 4.538117119337318e-18, 1.5284842205446378e-36, 2.5640220606702513e-23, 2.2126364725312653e-24, 2.2790205272024476e-26, 4.0224014031045906e-23, 8.05385407791041e-22, 4.167942188705256e-26, 1.7385567342494242e-17, 2.30888983454932e-22, 2.2527348614178158e-09, 1.1635159904602263e-19, 1.7604993412539405e-21, 3.9851400822782004e-16]",1.5018235213164836e-10,15
helicopter carried passengers dozen time operation lasted around five hours,"[6.466700576182769e-25, 2.549279181023925e-17, 1.8521218913682016e-19, 2.1313100745303316e-24, 7.135947703334037e-19, 1.5431666496992938e-16, 7.144658785594698e-19, 4.100376968943827e-20, 4.5202597645051503e-20, 4.948004285509591e-17]",2.3098898161860888e-17,10
aurora take tasmania arriving around mid january,"[2.803402028403505e-13, 4.138899920486542e-13, 3.994004276366661e-21, 1.0487438010804073e-21, 4.7888167927001444e-17, 1.564189342766074e-26, 1.0203465250536913e-20]",9.91825854718801e-14,7
helicopter expected airlift passengers chinese icebreaker snow dragon new year day barge ferrying aurora,"[5.809902992809951e-21, 3.5447532210531556e-23, 3.716416785369145e-22, 1.3373700751427724e-26, 2.227466895271072e-15, 1.7339001780964682e-29, 3.141032055974535e-26, 5.736979288442726e-21, 7.480079148724843e-20, 4.365402858646605e-12, 2.378461140973936e-16, 3.08859290256208e-13, 1.125618495737623e-24, 9.228930509701961e-15]",3.347111770841298e-13,14
however operation could begin sea ice blocked path barge needed make snow dragon,"[2.0519765891409153e-29, 7.380335043281241e-20, 2.659746878286799e-23, 3.359103996927895e-27, 5.6744475662785586e-24, 6.42401688361154e-17, 1.0816202598809117e-12, 4.493930845449855e-22, 2.8675327035828094e-17, 4.051679728832325e-23, 5.301599526149515e-23, 4.522837687959098e-23, 7.481671460365289e-05]",5.755131975797395e-06,13
aurora built handle helicopter landing rescue postponed,"[9.600610542456072e-12, 2.8751741174963576e-16, 4.812177611023808e-12, 1.4193375733030906e-20, 3.3932311610650267e-18, 1.295598151024376e-19, 2.3588766672897318e-18]",2.0590116523932353e-12,7
rescue operation scientists tourists crew russian ship plagued number problems,"[5.450245242727515e-19, 1.2966539026921406e-25, 3.5138989217116324e-17, 1.1500941188103273e-17, 6.279922681290879e-13, 4.556063863777859e-19, 1.2260385576730006e-23, 1.3550172343890444e-12, 8.76128854514579e-23, 1.6529716672656466e-14]",1.9995868598521075e-13,10
three icebreakers initially dispatched try crack way thick ice surrounding ship failed,"[1.3103945388154466e-20, 8.31712111994805e-25, 4.393887311174032e-26, 3.4692073472483704e-26, 9.005508924703865e-24, 6.036760570655221e-25, 6.130740687102182e-25, 1.8520393878417466e-29, 1.3176283799357255e-21, 8.706390474136016e-22, 7.299381871087646e-22, 5.367093063101033e-28]",1.3361070133292764e-21,12
aurora came within miles ship monday fierce winds snow forced retreat open water,"[2.8558871581588652e-28, 4.982596408347763e-16, 7.451377953927045e-28, 7.909114537696514e-17, 1.7289771541101035e-27, 7.057785118929446e-24, 1.3691094792908446e-18, 2.4784609357522635e-25, 9.37780158998583e-22, 3.371306625906935e-21, 1.0005453079102992e-19, 2.131258194858714e-21, 1.1740891613123931e-23]",4.4525108432006575e-17,13
danger sinking supplies board vessel can not move,"[1.1059394591091443e-26, 1.4002780151720136e-20, 1.9940095342122637e-29, 1.2278490305386182e-26, 3.887815819438418e-25, 2.2368882905234217e-28, 5.923573348539363e-26, 1.2792258053495465e-19]",1.7740729035688003e-20,8
russian crew members expected stay board long takes free ship pack ice surrounding,"[5.380696387537566e-31, 6.363257595228061e-18, 7.316774082003014e-23, 8.254262914178149e-26, 1.1585477342986663e-25, 3.6783418675577185e-26, 4.030982502315058e-32, 1.695742353254607e-24, 9.912484461358438e-26, 2.5150460433566647e-21, 3.5934820500277376e-28, 3.9386171332973073e-22, 9.860467651261092e-13]",7.585024087444694e-14,13
became stuck blizzard pushed sea ice around freezing place 1 miles 2 south tasmania,"[1.3792214201138364e-19, 3.5442117058381824e-14, 5.390502741422925e-24, 3.1752275125358806e-16, 1.0771687754597553e-20, 3.5865339326523515e-20, 1.9553791823207615e-18, 2.3268858472466488e-23, 3.0173822365229493e-22, 3.173879656564629e-24, 1.652685174825144e-16, 1.663288484885356e-28, 1.4756491442439567e-25, 2.2536453117159647e-31]",2.5662177570848952e-15,14
scientific team board recreating australian explorer douglas voyage antarctica,"[6.459913664400605e-31, 1.353802661017916e-27, 3.450172437683803e-26, 5.99080058768035e-13, 9.059536264298607e-26, 1.225882158383778e-18, 3.835108894169929e-17, 1.6900096402128868e-24, 2.2223708754701632e-30]",6.656884841566127e-14,9
